Nom officiel du restaurant;Rue;NPA;Localité;Téléphone;E-mail;Site Internet;Lien direct carte/menu;Type de cuisine;Terrasse;Horaires;Jours de fermeture;Date du menu;Date d'introduction;Date de récupération Web;Fourni par;Catégorie;Nom du plat;Description;Prix
Métairie de Clémesin;Route de Clémesin 28;2057;Villiers;032 853 14 18;;;;Cuisine suisse, cuisine régionale, spécialités au fromage, rösti, viandes et champignons;Oui;;;2026;23.07.2026;23.07.2026;Photos utilisateur;À partager;Saucisse sèche sur planche et pain maison;Porc ou bœuf;14
Métairie de Clémesin;Route de Clémesin 28;2057;Villiers;032 853 14 18;;;;Cuisine suisse, cuisine régionale, spécialités au fromage, rösti, viandes et champignons;Oui;;;2026;23.07.2026;23.07.2026;Photos utilisateur;À partager;Demi-planche de viande séchée et saucisse sèche;;18
Métairie de Clémesin;Route de Clémesin 28;2057;Villiers;032 853 14 18;;;;Cuisine suisse, cuisine régionale, spécialités au fromage, rösti, viandes et champignons;Oui;;;2026;23.07.2026;23.07.2026;Photos utilisateur;À partager;Planche de viande séchée et saucisse sèche;;24
Métairie de Clémesin;Route de Clémesin 28;2057;Villiers;032 853 14 18;;;;Cuisine suisse, cuisine régionale, spécialités au fromage, rösti, viandes et champignons;Oui;;;2026;23.07.2026;23.07.2026;Photos utilisateur;À partager;Petite assiette mélange;Viande séchée et Tête de Moine;18
Métairie de Clémesin;Route de Clémesin 28;2057;Villiers;032 853 14 18;;;;Cuisine suisse, cuisine régionale, spécialités au fromage, rösti, viandes et champignons;Oui;;;2026;23.07.2026;23.07.2026;Photos utilisateur;À partager;Grande assiette mélange;Viande séchée et Tête de Moine;24
Métairie de Clémesin;Route de Clémesin 28;2057;Villiers;032 853 14 18;;;;Cuisine suisse, cuisine régionale, spécialités au fromage, rösti, viandes et champignons;Oui;;;2026;23.07.2026;23.07.2026;Photos utilisateur;Entrées;Sèche au lard;;18
Métairie de Clémesin;Route de Clémesin 28;2057;Villiers;032 853 14 18;;;;Cuisine suisse, cuisine régionale, spécialités au fromage, rösti, viandes et champignons;Oui;;;2026;23.07.2026;23.07.2026;Photos utilisateur;Salades;Petite assiette de salade;Duo;5.50
Métairie de Clémesin;Route de Clémesin 28;2057;Villiers;032 853 14 18;;;;Cuisine suisse, cuisine régionale, spécialités au fromage, rösti, viandes et champignons;Oui;;;2026;23.07.2026;23.07.2026;Photos utilisateur;Salades;Grande assiette de salade variée;;13
Métairie de Clémesin;Route de Clémesin 28;2057;Villiers;032 853 14 18;;;;Cuisine suisse, cuisine régionale, spécialités au fromage, rösti, viandes et champignons;Oui;;;2026;23.07.2026;23.07.2026;Photos utilisateur;Fondues;Fondue au fromage à l’ail;200 g par personne, dès 2 personnes;24
Métairie de Clémesin;Route de Clémesin 28;2057;Villiers;032 853 14 18;;;;Cuisine suisse, cuisine régionale, spécialités au fromage, rösti, viandes et champignons;Oui;;;2026;23.07.2026;23.07.2026;Photos utilisateur;Fondues;Fondue au fromage à l’ail des ours;200 g par personne;24
Métairie de Clémesin;Route de Clémesin 28;2057;Villiers;032 853 14 18;;;;Cuisine suisse, cuisine régionale, spécialités au fromage, rösti, viandes et champignons;Oui;;;2026;23.07.2026;23.07.2026;Photos utilisateur;Plats;Jambon, rösti, salade;;25.50
Métairie de Clémesin;Route de Clémesin 28;2057;Villiers;032 853 14 18;;;;Cuisine suisse, cuisine régionale, spécialités au fromage, rösti, viandes et champignons;Oui;;;2026;23.07.2026;23.07.2026;Photos utilisateur;Plats;Jambon sauce bolets, rösti, salade;;29.50
Métairie de Clémesin;Route de Clémesin 28;2057;Villiers;032 853 14 18;;;;Cuisine suisse, cuisine régionale, spécialités au fromage, rösti, viandes et champignons;Oui;;;2026;23.07.2026;23.07.2026;Photos utilisateur;Viandes;Filets mignons aux morilles;Rösti et salade;40
Métairie de Clémesin;Route de Clémesin 28;2057;Villiers;032 853 14 18;;;;Cuisine suisse, cuisine régionale, spécialités au fromage, rösti, viandes et champignons;Oui;;;2026;23.07.2026;23.07.2026;Photos utilisateur;Viandes;Tranches de porc à la crème;Rösti et salade;28
Métairie de Clémesin;Route de Clémesin 28;2057;Villiers;032 853 14 18;;;;Cuisine suisse, cuisine régionale, spécialités au fromage, rösti, viandes et champignons;Oui;;;2026;23.07.2026;23.07.2026;Photos utilisateur;Plats;Rösti sauce aux bolets;Salade;26.50
Métairie de Clémesin;Route de Clémesin 28;2057;Villiers;032 853 14 18;;;;Cuisine suisse, cuisine régionale, spécialités au fromage, rösti, viandes et champignons;Oui;;;2026;23.07.2026;23.07.2026;Photos utilisateur;Plats;Rösti sauce aux morilles;Salade;31.50
Métairie de Clémesin;Route de Clémesin 28;2057;Villiers;032 853 14 18;;;;Cuisine suisse, cuisine régionale, spécialités au fromage, rösti, viandes et champignons;Oui;;;2026;23.07.2026;23.07.2026;Photos utilisateur;Plats;Croûtes aux bolets;Salade;26.50
Métairie de Clémesin;Route de Clémesin 28;2057;Villiers;032 853 14 18;;;;Cuisine suisse, cuisine régionale, spécialités au fromage, rösti, viandes et champignons;Oui;;;2026;23.07.2026;23.07.2026;Photos utilisateur;Plats;Croûtes aux morilles;Salade;31.50
Métairie de Clémesin;Route de Clémesin 28;2057;Villiers;032 853 14 18;;;;Cuisine suisse, cuisine régionale, spécialités au fromage, rösti, viandes et champignons;Oui;;;2026;23.07.2026;23.07.2026;Photos utilisateur;Viandes;Steak de bœuf, beurre aux herbes;Pièce d’environ 230 g, rösti et salade;31.50
Métairie de Clémesin;Route de Clémesin 28;2057;Villiers;032 853 14 18;;;;Cuisine suisse, cuisine régionale, spécialités au fromage, rösti, viandes et champignons;Oui;;;2026;23.07.2026;23.07.2026;Photos utilisateur;Viandes;Steak de bœuf, sauce aux bolets;Pièce d’environ 230 g, rösti et salade;35.50
Métairie de Clémesin;Route de Clémesin 28;2057;Villiers;032 853 14 18;;;;Cuisine suisse, cuisine régionale, spécialités au fromage, rösti, viandes et champignons;Oui;;;2026;23.07.2026;23.07.2026;Photos utilisateur;Viandes;Steak de bœuf aux morilles;Pièce d’environ 230 g, rösti et salade;39.50
Métairie de Clémesin;Route de Clémesin 28;2057;Villiers;032 853 14 18;;;;Cuisine suisse, cuisine régionale, spécialités au fromage, rösti, viandes et champignons;Oui;;;2026;23.07.2026;23.07.2026;Photos utilisateur;Viandes spécialité;Entrecôte Clémesin;Pièce de bœuf de 300 g, sauce voronoff, rösti et salade;42
Métairie de Clémesin;Route de Clémesin 28;2057;Villiers;032 853 14 18;;;;Cuisine suisse, cuisine régionale, spécialités au fromage, rösti, viandes et champignons;Oui;;;2026;23.07.2026;23.07.2026;Photos utilisateur;Desserts;Meringues chantilly;;9.50
Métairie de Clémesin;Route de Clémesin 28;2057;Villiers;032 853 14 18;;;;Cuisine suisse, cuisine régionale, spécialités au fromage, rösti, viandes et champignons;Oui;;;2026;23.07.2026;23.07.2026;Photos utilisateur;Desserts;Demi-meringue chantilly;;7
Métairie de Clémesin;Route de Clémesin 28;2057;Villiers;032 853 14 18;;;;Cuisine suisse, cuisine régionale, spécialités au fromage, rösti, viandes et champignons;Oui;;;2026;23.07.2026;23.07.2026;Photos utilisateur;Desserts;Meringues glacées et chantilly;;12
Métairie de Clémesin;Route de Clémesin 28;2057;Villiers;032 853 14 18;;;;Cuisine suisse, cuisine régionale, spécialités au fromage, rösti, viandes et champignons;Oui;;;2026;23.07.2026;23.07.2026;Photos utilisateur;Desserts;Demi-meringue glacée et pointe de chantilly;;8.50
Métairie de Clémesin;Route de Clémesin 28;2057;Villiers;032 853 14 18;;;;Cuisine suisse, cuisine régionale, spécialités au fromage, rösti, viandes et champignons;Oui;;;2026;23.07.2026;23.07.2026;Photos utilisateur;Desserts;Cornet à la crème;;6
Métairie de Clémesin;Route de Clémesin 28;2057;Villiers;032 853 14 18;;;;Cuisine suisse, cuisine régionale, spécialités au fromage, rösti, viandes et champignons;Oui;;;2026;23.07.2026;23.07.2026;Photos utilisateur;Desserts;Coupe Danemark;Sauce chocolat chaude;12
Métairie de Clémesin;Route de Clémesin 28;2057;Villiers;032 853 14 18;;;;Cuisine suisse, cuisine régionale, spécialités au fromage, rösti, viandes et champignons;Oui;;;2026;23.07.2026;23.07.2026;Photos utilisateur;Desserts;Café glacé;Glace mocca, expresso et crème chantilly;10.50
Métairie de Clémesin;Route de Clémesin 28;2057;Villiers;032 853 14 18;;;;Cuisine suisse, cuisine régionale, spécialités au fromage, rösti, viandes et champignons;Oui;;;2026;23.07.2026;23.07.2026;Photos utilisateur;Desserts;Coupe Framboise;Framboises tièdes, glace vanille et chantilly;11
Métairie de Clémesin;Route de Clémesin 28;2057;Villiers;032 853 14 18;;;;Cuisine suisse, cuisine régionale, spécialités au fromage, rösti, viandes et champignons;Oui;;;2026;23.07.2026;23.07.2026;Photos utilisateur;Desserts;Coupe Bleue des glaciers;Pistache et absinthe;12.50
Métairie de Clémesin;Route de Clémesin 28;2057;Villiers;032 853 14 18;;;;Cuisine suisse, cuisine régionale, spécialités au fromage, rösti, viandes et champignons;Oui;;;2026;23.07.2026;23.07.2026;Photos utilisateur;Desserts;Coupe Général;Glace vanille et whisky;12.50
Métairie de Clémesin;Route de Clémesin 28;2057;Villiers;032 853 14 18;;;;Cuisine suisse, cuisine régionale, spécialités au fromage, rösti, viandes et champignons;Oui;;;2026;23.07.2026;23.07.2026;Photos utilisateur;Desserts;Coupe Couché de soleil;Sorbets pruneau et framboise, prunelle de Bourgogne;12.50
Métairie de Clémesin;Route de Clémesin 28;2057;Villiers;032 853 14 18;;;;Cuisine suisse, cuisine régionale, spécialités au fromage, rösti, viandes et champignons;Oui;;;2026;23.07.2026;23.07.2026;Photos utilisateur;Desserts;Coupe Avalanche;Pomme, poire et calvados;12.50
Métairie de Clémesin;Route de Clémesin 28;2057;Villiers;032 853 14 18;;;;Cuisine suisse, cuisine régionale, spécialités au fromage, rösti, viandes et champignons;Oui;;;2026;23.07.2026;23.07.2026;Photos utilisateur;Desserts;Coupe Colonel;Sorbet citron et vodka;12.50
Métairie de Clémesin;Route de Clémesin 28;2057;Villiers;032 853 14 18;;;;Cuisine suisse, cuisine régionale, spécialités au fromage, rösti, viandes et champignons;Oui;;;2026;23.07.2026;23.07.2026;Photos utilisateur;Desserts;Coupe Abricot;Sorbet abricot et eau-de-vie d’abricot;12.50
Métairie de Clémesin;Route de Clémesin 28;2057;Villiers;032 853 14 18;;;;Cuisine suisse, cuisine régionale, spécialités au fromage, rösti, viandes et champignons;Oui;;;2026;23.07.2026;23.07.2026;Photos utilisateur;Desserts;Coupe Poire;Sorbet poire et eau-de-vie de poire;12.50
Métairie de Clémesin;Route de Clémesin 28;2057;Villiers;032 853 14 18;;;;Cuisine suisse, cuisine régionale, spécialités au fromage, rösti, viandes et champignons;Oui;;;2026;23.07.2026;23.07.2026;Photos utilisateur;Desserts;Coupe Pomme;Sorbet pomme et eau-de-vie de pomme;12.50
Métairie de Clémesin;Route de Clémesin 28;2057;Villiers;032 853 14 18;;;;Cuisine suisse, cuisine régionale, spécialités au fromage, rösti, viandes et champignons;Oui;;;2026;23.07.2026;23.07.2026;Photos utilisateur;Desserts;Coupe Pruneau;Sorbet pruneau et eau-de-vie de pruneau;12.50
Métairie de Clémesin;Route de Clémesin 28;2057;Villiers;032 853 14 18;;;;Cuisine suisse, cuisine régionale, spécialités au fromage, rösti, viandes et champignons;Oui;;;2026;23.07.2026;23.07.2026;Photos utilisateur;Desserts;Boule de glace ou sorbet;Vanille, mocca, fraise, chocolat, caramel, pistache, abricot, pomme, poire, framboise, pruneau ou citron;4
Métairie de Clémesin;Route de Clémesin 28;2057;Villiers;032 853 14 18;;;;Cuisine suisse, cuisine régionale, spécialités au fromage, rösti, viandes et champignons;Oui;;;2026;23.07.2026;23.07.2026;Photos utilisateur;Desserts;Supplément chantilly;;1.50
Restaurant Les Jeunes Rives;Promenade de Marthe Robert 4;2000;Neuchâtel;032 554 28 29;contact@restaurantlesjeunesrives.ch;https://www.restaurantlesjeunesrives.ch/;;Cuisine suisse et contemporaine, produits locaux et de saison, viandes, poissons, moules, fondue et plats faits maison;Oui;Restaurant : 08:30–22:00. Service : 11:30–14:30 et 18:30–22:00. Carte après-midi : 14:30–18:00;;23.07.2026;23.07.2026;23.07.2026;PDF utilisateur et site officiel;Entrées;Salade verte;;6.50
Restaurant Les Jeunes Rives;Promenade de Marthe Robert 4;2000;Neuchâtel;032 554 28 29;contact@restaurantlesjeunesrives.ch;https://www.restaurantlesjeunesrives.ch/;;Cuisine suisse et contemporaine, produits locaux et de saison, viandes, poissons, moules, fondue et plats faits maison;Oui;Restaurant : 08:30–22:00. Service : 11:30–14:30 et 18:30–22:00. Carte après-midi : 14:30–18:00;;23.07.2026;23.07.2026;23.07.2026;PDF utilisateur et site officiel;Salades;Salade mêlée;Petite ou grande;8.50 / 16
Restaurant Les Jeunes Rives;Promenade de Marthe Robert 4;2000;Neuchâtel;032 554 28 29;contact@restaurantlesjeunesrives.ch;https://www.restaurantlesjeunesrives.ch/;;Cuisine suisse et contemporaine, produits locaux et de saison, viandes, poissons, moules, fondue et plats faits maison;Oui;Restaurant : 08:30–22:00. Service : 11:30–14:30 et 18:30–22:00. Carte après-midi : 14:30–18:00;;23.07.2026;23.07.2026;23.07.2026;PDF utilisateur et site officiel;Entrées;Gaspacho;Tomates et légumes de saison;11
Restaurant Les Jeunes Rives;Promenade de Marthe Robert 4;2000;Neuchâtel;032 554 28 29;contact@restaurantlesjeunesrives.ch;https://www.restaurantlesjeunesrives.ch/;;Cuisine suisse et contemporaine, produits locaux et de saison, viandes, poissons, moules, fondue et plats faits maison;Oui;Restaurant : 08:30–22:00. Service : 11:30–14:30 et 18:30–22:00. Carte après-midi : 14:30–18:00;;23.07.2026;23.07.2026;23.07.2026;PDF utilisateur et site officiel;Entrées;Gravlax de truite;Condiment au LVDD et pickles;21
Restaurant Les Jeunes Rives;Promenade de Marthe Robert 4;2000;Neuchâtel;032 554 28 29;contact@restaurantlesjeunesrives.ch;https://www.restaurantlesjeunesrives.ch/;;Cuisine suisse et contemporaine, produits locaux et de saison, viandes, poissons, moules, fondue et plats faits maison;Oui;Restaurant : 08:30–22:00. Service : 11:30–14:30 et 18:30–22:00. Carte après-midi : 14:30–18:00;;23.07.2026;23.07.2026;23.07.2026;PDF utilisateur et site officiel;Entrées;Vitello tonnato;Pickles et câpres;21.50
Restaurant Les Jeunes Rives;Promenade de Marthe Robert 4;2000;Neuchâtel;032 554 28 29;contact@restaurantlesjeunesrives.ch;https://www.restaurantlesjeunesrives.ch/;;Cuisine suisse et contemporaine, produits locaux et de saison, viandes, poissons, moules, fondue et plats faits maison;Oui;Restaurant : 08:30–22:00. Service : 11:30–14:30 et 18:30–22:00. Carte après-midi : 14:30–18:00;;23.07.2026;23.07.2026;23.07.2026;PDF utilisateur et site officiel;Entrées;Terrine maison;Bouquet de salade, pickles et pains toastés;18.50
Restaurant Les Jeunes Rives;Promenade de Marthe Robert 4;2000;Neuchâtel;032 554 28 29;contact@restaurantlesjeunesrives.ch;https://www.restaurantlesjeunesrives.ch/;;Cuisine suisse et contemporaine, produits locaux et de saison, viandes, poissons, moules, fondue et plats faits maison;Oui;Restaurant : 08:30–22:00. Service : 11:30–14:30 et 18:30–22:00. Carte après-midi : 14:30–18:00;;23.07.2026;23.07.2026;23.07.2026;PDF utilisateur et site officiel;À partager;Planche de Pata Negra;Assortiment des Frères Alcala;31.50
Restaurant Les Jeunes Rives;Promenade de Marthe Robert 4;2000;Neuchâtel;032 554 28 29;contact@restaurantlesjeunesrives.ch;https://www.restaurantlesjeunesrives.ch/;;Cuisine suisse et contemporaine, produits locaux et de saison, viandes, poissons, moules, fondue et plats faits maison;Oui;Restaurant : 08:30–22:00. Service : 11:30–14:30 et 18:30–22:00. Carte après-midi : 14:30–18:00;;23.07.2026;23.07.2026;23.07.2026;PDF utilisateur et site officiel;À partager;Planche de charcuteries;;22.50
Restaurant Les Jeunes Rives;Promenade de Marthe Robert 4;2000;Neuchâtel;032 554 28 29;contact@restaurantlesjeunesrives.ch;https://www.restaurantlesjeunesrives.ch/;;Cuisine suisse et contemporaine, produits locaux et de saison, viandes, poissons, moules, fondue et plats faits maison;Oui;Restaurant : 08:30–22:00. Service : 11:30–14:30 et 18:30–22:00. Carte après-midi : 14:30–18:00;;23.07.2026;23.07.2026;23.07.2026;PDF utilisateur et site officiel;Plats;Burger Smoked Coffee LVDD;Pain maison, steak 150 g, sauce smoked coffee, Britchon, crudités et frites maison. Steak supplémentaire 150 g : 7.50 CHF;28.50
Restaurant Les Jeunes Rives;Promenade de Marthe Robert 4;2000;Neuchâtel;032 554 28 29;contact@restaurantlesjeunesrives.ch;https://www.restaurantlesjeunesrives.ch/;;Cuisine suisse et contemporaine, produits locaux et de saison, viandes, poissons, moules, fondue et plats faits maison;Oui;Restaurant : 08:30–22:00. Service : 11:30–14:30 et 18:30–22:00. Carte après-midi : 14:30–18:00;;23.07.2026;23.07.2026;23.07.2026;PDF utilisateur et site officiel;Viandes;Hampe de bœuf;Sauce à l’échalote, frites maison et salade verte;34
Restaurant Les Jeunes Rives;Promenade de Marthe Robert 4;2000;Neuchâtel;032 554 28 29;contact@restaurantlesjeunesrives.ch;https://www.restaurantlesjeunesrives.ch/;;Cuisine suisse et contemporaine, produits locaux et de saison, viandes, poissons, moules, fondue et plats faits maison;Oui;Restaurant : 08:30–22:00. Service : 11:30–14:30 et 18:30–22:00. Carte après-midi : 14:30–18:00;;23.07.2026;23.07.2026;23.07.2026;PDF utilisateur et site officiel;Viandes;Entrecôte de bœuf;Beurre Café de Paris, salade verte et frites maison;41
Restaurant Les Jeunes Rives;Promenade de Marthe Robert 4;2000;Neuchâtel;032 554 28 29;contact@restaurantlesjeunesrives.ch;https://www.restaurantlesjeunesrives.ch/;;Cuisine suisse et contemporaine, produits locaux et de saison, viandes, poissons, moules, fondue et plats faits maison;Oui;Restaurant : 08:30–22:00. Service : 11:30–14:30 et 18:30–22:00. Carte après-midi : 14:30–18:00;;23.07.2026;23.07.2026;23.07.2026;PDF utilisateur et site officiel;Viandes;Épaule de Pata Negra confite;Frères Alcala, légumes de saison et riste d’aubergine;46
Restaurant Les Jeunes Rives;Promenade de Marthe Robert 4;2000;Neuchâtel;032 554 28 29;contact@restaurantlesjeunesrives.ch;https://www.restaurantlesjeunesrives.ch/;;Cuisine suisse et contemporaine, produits locaux et de saison, viandes, poissons, moules, fondue et plats faits maison;Oui;Restaurant : 08:30–22:00. Service : 11:30–14:30 et 18:30–22:00. Carte après-midi : 14:30–18:00;;23.07.2026;23.07.2026;23.07.2026;PDF utilisateur et site officiel;Poissons;Filets de perches;Beurre blanc, riste d’aubergines et frites maison, 200 g ou 300 g;31 / 39
Restaurant Les Jeunes Rives;Promenade de Marthe Robert 4;2000;Neuchâtel;032 554 28 29;contact@restaurantlesjeunesrives.ch;https://www.restaurantlesjeunesrives.ch/;;Cuisine suisse et contemporaine, produits locaux et de saison, viandes, poissons, moules, fondue et plats faits maison;Oui;Restaurant : 08:30–22:00. Service : 11:30–14:30 et 18:30–22:00. Carte après-midi : 14:30–18:00;;23.07.2026;23.07.2026;23.07.2026;PDF utilisateur et site officiel;Poissons;Filet de truite;Beurre blanc, légumes de saison et riste d’aubergine;35
Restaurant Les Jeunes Rives;Promenade de Marthe Robert 4;2000;Neuchâtel;032 554 28 29;contact@restaurantlesjeunesrives.ch;https://www.restaurantlesjeunesrives.ch/;;Cuisine suisse et contemporaine, produits locaux et de saison, viandes, poissons, moules, fondue et plats faits maison;Oui;Restaurant : 08:30–22:00. Service : 11:30–14:30 et 18:30–22:00. Carte après-midi : 14:30–18:00;;23.07.2026;23.07.2026;23.07.2026;PDF utilisateur et site officiel;Poissons;Encornets snackés;Émulsion citronnée, légumes de saison et riste d’aubergines;39
Restaurant Les Jeunes Rives;Promenade de Marthe Robert 4;2000;Neuchâtel;032 554 28 29;contact@restaurantlesjeunesrives.ch;https://www.restaurantlesjeunesrives.ch/;;Cuisine suisse et contemporaine, produits locaux et de saison, viandes, poissons, moules, fondue et plats faits maison;Oui;Restaurant : 08:30–22:00. Service : 11:30–14:30 et 18:30–22:00. Carte après-midi : 14:30–18:00;;23.07.2026;23.07.2026;23.07.2026;PDF utilisateur et site officiel;Poissons;Moules marinières;Frites maison;28
Restaurant Les Jeunes Rives;Promenade de Marthe Robert 4;2000;Neuchâtel;032 554 28 29;contact@restaurantlesjeunesrives.ch;https://www.restaurantlesjeunesrives.ch/;;Cuisine suisse et contemporaine, produits locaux et de saison, viandes, poissons, moules, fondue et plats faits maison;Oui;Restaurant : 08:30–22:00. Service : 11:30–14:30 et 18:30–22:00. Carte après-midi : 14:30–18:00;;23.07.2026;23.07.2026;23.07.2026;PDF utilisateur et site officiel;Poissons;Moules au Bleuchâtel;Frites maison;31
Restaurant Les Jeunes Rives;Promenade de Marthe Robert 4;2000;Neuchâtel;032 554 28 29;contact@restaurantlesjeunesrives.ch;https://www.restaurantlesjeunesrives.ch/;;Cuisine suisse et contemporaine, produits locaux et de saison, viandes, poissons, moules, fondue et plats faits maison;Oui;Restaurant : 08:30–22:00. Service : 11:30–14:30 et 18:30–22:00. Carte après-midi : 14:30–18:00;;23.07.2026;23.07.2026;23.07.2026;PDF utilisateur et site officiel;Fondues;Fondue de la maison Sterchi;200 g par personne. Supplément pommes de terre grenailles : 6.50 CHF;25
Restaurant Les Jeunes Rives;Promenade de Marthe Robert 4;2000;Neuchâtel;032 554 28 29;contact@restaurantlesjeunesrives.ch;https://www.restaurantlesjeunesrives.ch/;;Cuisine suisse et contemporaine, produits locaux et de saison, viandes, poissons, moules, fondue et plats faits maison;Oui;Restaurant : 08:30–22:00. Service : 11:30–14:30 et 18:30–22:00. Carte après-midi : 14:30–18:00;;23.07.2026;23.07.2026;23.07.2026;PDF utilisateur et site officiel;Viandes froides;Tartare de bœuf;Frites maison et salade verte, 150 g ou 200 g;31 / 37
Restaurant Les Jeunes Rives;Promenade de Marthe Robert 4;2000;Neuchâtel;032 554 28 29;contact@restaurantlesjeunesrives.ch;https://www.restaurantlesjeunesrives.ch/;;Cuisine suisse et contemporaine, produits locaux et de saison, viandes, poissons, moules, fondue et plats faits maison;Oui;Restaurant : 08:30–22:00. Service : 11:30–14:30 et 18:30–22:00. Carte après-midi : 14:30–18:00;;23.07.2026;23.07.2026;23.07.2026;PDF utilisateur et site officiel;Viandes froides;Rosbeef;Sauce tartare et frites maison;32
Restaurant Les Jeunes Rives;Promenade de Marthe Robert 4;2000;Neuchâtel;032 554 28 29;contact@restaurantlesjeunesrives.ch;https://www.restaurantlesjeunesrives.ch/;;Cuisine suisse et contemporaine, produits locaux et de saison, viandes, poissons, moules, fondue et plats faits maison;Oui;Restaurant : 08:30–22:00. Service : 11:30–14:30 et 18:30–22:00. Carte après-midi : 14:30–18:00;;23.07.2026;23.07.2026;23.07.2026;PDF utilisateur et site officiel;Plats;Bowl aux légumes confits;Quinoa, roquette, feta, tapenade et Vieux Jura;25
Restaurant Les Jeunes Rives;Promenade de Marthe Robert 4;2000;Neuchâtel;032 554 28 29;contact@restaurantlesjeunesrives.ch;https://www.restaurantlesjeunesrives.ch/;;Cuisine suisse et contemporaine, produits locaux et de saison, viandes, poissons, moules, fondue et plats faits maison;Oui;Restaurant : 08:30–22:00. Service : 11:30–14:30 et 18:30–22:00. Carte après-midi : 14:30–18:00;;23.07.2026;23.07.2026;23.07.2026;PDF utilisateur et site officiel;Salades;Salade César;Romaine, poulet, Vieux Jura, bacon, croûtons, œuf dur et sauce César maison;28.50
Restaurant Les Jeunes Rives;Promenade de Marthe Robert 4;2000;Neuchâtel;032 554 28 29;contact@restaurantlesjeunesrives.ch;https://www.restaurantlesjeunesrives.ch/;;Cuisine suisse et contemporaine, produits locaux et de saison, viandes, poissons, moules, fondue et plats faits maison;Oui;Restaurant : 08:30–22:00. Service : 11:30–14:30 et 18:30–22:00. Carte après-midi : 14:30–18:00;;23.07.2026;23.07.2026;23.07.2026;PDF utilisateur et site officiel;Salades;Salade de truite en gravlax;Romaine, truite en gravlax, quinoa, pickles et vinaigrette;29.50
Restaurant Les Jeunes Rives;Promenade de Marthe Robert 4;2000;Neuchâtel;032 554 28 29;contact@restaurantlesjeunesrives.ch;https://www.restaurantlesjeunesrives.ch/;;Cuisine suisse et contemporaine, produits locaux et de saison, viandes, poissons, moules, fondue et plats faits maison;Oui;Restaurant : 08:30–22:00. Service : 11:30–14:30 et 18:30–22:00. Carte après-midi : 14:30–18:00;;23.07.2026;23.07.2026;23.07.2026;PDF utilisateur et site officiel;Enfants;Hauts de cuisse de poulet;Accompagnement au choix : frites, légumes ou salade;14
Restaurant Les Jeunes Rives;Promenade de Marthe Robert 4;2000;Neuchâtel;032 554 28 29;contact@restaurantlesjeunesrives.ch;https://www.restaurantlesjeunesrives.ch/;;Cuisine suisse et contemporaine, produits locaux et de saison, viandes, poissons, moules, fondue et plats faits maison;Oui;Restaurant : 08:30–22:00. Service : 11:30–14:30 et 18:30–22:00. Carte après-midi : 14:30–18:00;;23.07.2026;23.07.2026;23.07.2026;PDF utilisateur et site officiel;Enfants;Steak haché;Accompagnement au choix : frites, légumes ou salade;14
Restaurant Les Jeunes Rives;Promenade de Marthe Robert 4;2000;Neuchâtel;032 554 28 29;contact@restaurantlesjeunesrives.ch;https://www.restaurantlesjeunesrives.ch/;;Cuisine suisse et contemporaine, produits locaux et de saison, viandes, poissons, moules, fondue et plats faits maison;Oui;Restaurant : 08:30–22:00. Service : 11:30–14:30 et 18:30–22:00. Carte après-midi : 14:30–18:00;;23.07.2026;23.07.2026;23.07.2026;PDF utilisateur et site officiel;Enfants;Fritures de poisson;Accompagnement au choix : frites, légumes ou salade;14
Restaurant Les Jeunes Rives;Promenade de Marthe Robert 4;2000;Neuchâtel;032 554 28 29;contact@restaurantlesjeunesrives.ch;https://www.restaurantlesjeunesrives.ch/;;Cuisine suisse et contemporaine, produits locaux et de saison, viandes, poissons, moules, fondue et plats faits maison;Oui;Restaurant : 08:30–22:00. Service : 11:30–14:30 et 18:30–22:00. Carte après-midi : 14:30–18:00;;23.07.2026;23.07.2026;23.07.2026;PDF utilisateur et site officiel;Desserts;Brownie croquant;Caramel au beurre salé et glace caramel croquant;15
Restaurant Les Jeunes Rives;Promenade de Marthe Robert 4;2000;Neuchâtel;032 554 28 29;contact@restaurantlesjeunesrives.ch;https://www.restaurantlesjeunesrives.ch/;;Cuisine suisse et contemporaine, produits locaux et de saison, viandes, poissons, moules, fondue et plats faits maison;Oui;Restaurant : 08:30–22:00. Service : 11:30–14:30 et 18:30–22:00. Carte après-midi : 14:30–18:00;;23.07.2026;23.07.2026;23.07.2026;PDF utilisateur et site officiel;Desserts;Meringue crème double;Confit de fruits rouges et sorbet framboise;15
Restaurant Les Jeunes Rives;Promenade de Marthe Robert 4;2000;Neuchâtel;032 554 28 29;contact@restaurantlesjeunesrives.ch;https://www.restaurantlesjeunesrives.ch/;;Cuisine suisse et contemporaine, produits locaux et de saison, viandes, poissons, moules, fondue et plats faits maison;Oui;Restaurant : 08:30–22:00. Service : 11:30–14:30 et 18:30–22:00. Carte après-midi : 14:30–18:00;;23.07.2026;23.07.2026;23.07.2026;PDF utilisateur et site officiel;Desserts;Crème brûlée;Vanille Bourbon de Madagascar;11
Restaurant Les Jeunes Rives;Promenade de Marthe Robert 4;2000;Neuchâtel;032 554 28 29;contact@restaurantlesjeunesrives.ch;https://www.restaurantlesjeunesrives.ch/;;Cuisine suisse et contemporaine, produits locaux et de saison, viandes, poissons, moules, fondue et plats faits maison;Oui;Restaurant : 08:30–22:00. Service : 11:30–14:30 et 18:30–22:00. Carte après-midi : 14:30–18:00;;23.07.2026;23.07.2026;23.07.2026;PDF utilisateur et site officiel;Desserts;Assiette de mignardises;Cookie, brownie, mini crème brûlée, boule de glace et meringue;13
Restaurant Les Jeunes Rives;Promenade de Marthe Robert 4;2000;Neuchâtel;032 554 28 29;contact@restaurantlesjeunesrives.ch;https://www.restaurantlesjeunesrives.ch/;;Cuisine suisse et contemporaine, produits locaux et de saison, viandes, poissons, moules, fondue et plats faits maison;Oui;Restaurant : 08:30–22:00. Service : 11:30–14:30 et 18:30–22:00. Carte après-midi : 14:30–18:00;;23.07.2026;23.07.2026;23.07.2026;PDF utilisateur et site officiel;Desserts;Glaces Les Saveurs de Marguerite;Glaces d’un artisan glacier neuchâtelois, choix selon la carte des glaces;
Restaurant Les Jeunes Rives;Promenade de Marthe Robert 4;2000;Neuchâtel;032 554 28 29;contact@restaurantlesjeunesrives.ch;https://www.restaurantlesjeunesrives.ch/;;Cuisine suisse et contemporaine, produits locaux et de saison, viandes, poissons, moules, fondue et plats faits maison;Oui;Restaurant : 08:30–22:00. Service : 11:30–14:30 et 18:30–22:00. Carte après-midi : 14:30–18:00;;23.07.2026;23.07.2026;23.07.2026;PDF utilisateur et site officiel;Desserts;Assiette de fromages;Fromagerie Sterchi;16
Restaurant Les Jeunes Rives;Promenade de Marthe Robert 4;2000;Neuchâtel;032 554 28 29;contact@restaurantlesjeunesrives.ch;https://www.restaurantlesjeunesrives.ch/;;Cuisine suisse et contemporaine, produits locaux et de saison, viandes, poissons, moules, fondue et plats faits maison;Oui;Restaurant : 08:30–22:00. Service : 11:30–14:30 et 18:30–22:00. Carte après-midi : 14:30–18:00;;23.07.2026;23.07.2026;23.07.2026;PDF utilisateur et site officiel;Carte après-midi;Houmous et tapenade maison;Chips;13
Restaurant Les Jeunes Rives;Promenade de Marthe Robert 4;2000;Neuchâtel;032 554 28 29;contact@restaurantlesjeunesrives.ch;https://www.restaurantlesjeunesrives.ch/;;Cuisine suisse et contemporaine, produits locaux et de saison, viandes, poissons, moules, fondue et plats faits maison;Oui;Restaurant : 08:30–22:00. Service : 11:30–14:30 et 18:30–22:00. Carte après-midi : 14:30–18:00;;23.07.2026;23.07.2026;23.07.2026;PDF utilisateur et site officiel;Carte après-midi;Rillettes de poissons maison;;13.50
Restaurant Les Jeunes Rives;Promenade de Marthe Robert 4;2000;Neuchâtel;032 554 28 29;contact@restaurantlesjeunesrives.ch;https://www.restaurantlesjeunesrives.ch/;;Cuisine suisse et contemporaine, produits locaux et de saison, viandes, poissons, moules, fondue et plats faits maison;Oui;Restaurant : 08:30–22:00. Service : 11:30–14:30 et 18:30–22:00. Carte après-midi : 14:30–18:00;;23.07.2026;23.07.2026;23.07.2026;PDF utilisateur et site officiel;Carte après-midi;Terrine de campagne maison;;11
Restaurant Les Jeunes Rives;Promenade de Marthe Robert 4;2000;Neuchâtel;032 554 28 29;contact@restaurantlesjeunesrives.ch;https://www.restaurantlesjeunesrives.ch/;;Cuisine suisse et contemporaine, produits locaux et de saison, viandes, poissons, moules, fondue et plats faits maison;Oui;Restaurant : 08:30–22:00. Service : 11:30–14:30 et 18:30–22:00. Carte après-midi : 14:30–18:00;;23.07.2026;23.07.2026;23.07.2026;PDF utilisateur et site officiel;Carte après-midi;Planche de fromages;Fromagerie Sterchi;23.50
Restaurant Les Jeunes Rives;Promenade de Marthe Robert 4;2000;Neuchâtel;032 554 28 29;contact@restaurantlesjeunesrives.ch;https://www.restaurantlesjeunesrives.ch/;;Cuisine suisse et contemporaine, produits locaux et de saison, viandes, poissons, moules, fondue et plats faits maison;Oui;Restaurant : 08:30–22:00. Service : 11:30–14:30 et 18:30–22:00. Carte après-midi : 14:30–18:00;;23.07.2026;23.07.2026;23.07.2026;PDF utilisateur et site officiel;Carte après-midi;Cassolettes d’encornets;Chorizo relevé au LVDD;24.50
Restaurant Les Jeunes Rives;Promenade de Marthe Robert 4;2000;Neuchâtel;032 554 28 29;contact@restaurantlesjeunesrives.ch;https://www.restaurantlesjeunesrives.ch/;;Cuisine suisse et contemporaine, produits locaux et de saison, viandes, poissons, moules, fondue et plats faits maison;Oui;Restaurant : 08:30–22:00. Service : 11:30–14:30 et 18:30–22:00. Carte après-midi : 14:30–18:00;;23.07.2026;23.07.2026;23.07.2026;PDF utilisateur et site officiel;Carte après-midi;Friture de féra;Sauce tartare maison;17.50
Brasserie Le Cardinal;Rue du Seyon 9;2000;Neuchâtel;032 725 12 86;info@lecardinal-brasserie.ch;https://www.lecardinal-brasserie.ch;;Brasserie, cuisine française, cuisine régionale suisse, terroir neuchâtelois;Oui;Lundi à samedi : 09:00–23:30. Service : 11:30–14:00 et 18:30–22:00, vendredi et samedi jusqu’à 22:30;Dimanche;01.06.2026;01.06.2026;10.07.2026;Web;Entrées;Salade mêlée;Petite ou grande;9 / 16
Brasserie Le Cardinal;Rue du Seyon 9;2000;Neuchâtel;032 725 12 86;info@lecardinal-brasserie.ch;https://www.lecardinal-brasserie.ch;;Brasserie, cuisine française, cuisine régionale suisse, terroir neuchâtelois;Oui;Lundi à samedi : 09:00–23:30. Service : 11:30–14:00 et 18:30–22:00, vendredi et samedi jusqu’à 22:30;Dimanche;01.06.2026;01.06.2026;10.07.2026;Web;Entrées;Soupe de poissons de roche;Croûtons et rouille;15
Brasserie Le Cardinal;Rue du Seyon 9;2000;Neuchâtel;032 725 12 86;info@lecardinal-brasserie.ch;https://www.lecardinal-brasserie.ch;;Brasserie, cuisine française, cuisine régionale suisse, terroir neuchâtelois;Oui;Lundi à samedi : 09:00–23:30. Service : 11:30–14:00 et 18:30–22:00, vendredi et samedi jusqu’à 22:30;Dimanche;01.06.2026;01.06.2026;10.07.2026;Web;Poissons;Filets de sandre aux asperges et morilles;;43
Brasserie Le Cardinal;Rue du Seyon 9;2000;Neuchâtel;032 725 12 86;info@lecardinal-brasserie.ch;https://www.lecardinal-brasserie.ch;;Brasserie, cuisine française, cuisine régionale suisse, terroir neuchâtelois;Oui;Lundi à samedi : 09:00–23:30. Service : 11:30–14:00 et 18:30–22:00, vendredi et samedi jusqu’à 22:30;Dimanche;01.06.2026;01.06.2026;10.07.2026;Web;Poissons;Tagine de lotte aux citrons confits;;39
Brasserie Le Cardinal;Rue du Seyon 9;2000;Neuchâtel;032 725 12 86;info@lecardinal-brasserie.ch;https://www.lecardinal-brasserie.ch;;Brasserie, cuisine française, cuisine régionale suisse, terroir neuchâtelois;Oui;Lundi à samedi : 09:00–23:30. Service : 11:30–14:00 et 18:30–22:00, vendredi et samedi jusqu’à 22:30;Dimanche;01.06.2026;01.06.2026;10.07.2026;Web;Viandes;Carré d'agneau en croûte d'ail des ours;;43
Brasserie Le Cardinal;Rue du Seyon 9;2000;Neuchâtel;032 725 12 86;info@lecardinal-brasserie.ch;https://www.lecardinal-brasserie.ch;;Brasserie, cuisine française, cuisine régionale suisse, terroir neuchâtelois;Oui;Lundi à samedi : 09:00–23:30. Service : 11:30–14:00 et 18:30–22:00, vendredi et samedi jusqu’à 22:30;Dimanche;01.06.2026;01.06.2026;10.07.2026;Web;Viandes;Entrecôte de bœuf parisienne;Beurre Café de Paris;34
Brasserie Le Cardinal;Rue du Seyon 9;2000;Neuchâtel;032 725 12 86;info@lecardinal-brasserie.ch;https://www.lecardinal-brasserie.ch;;Brasserie, cuisine française, cuisine régionale suisse, terroir neuchâtelois;Oui;Lundi à samedi : 09:00–23:30. Service : 11:30–14:00 et 18:30–22:00, vendredi et samedi jusqu’à 22:30;Dimanche;01.06.2026;01.06.2026;10.07.2026;Web;Viandes;Tartare de bœuf 180 g;Œuf de caille, pain grillé, frites;32
Brasserie Le Cardinal;Rue du Seyon 9;2000;Neuchâtel;032 725 12 86;info@lecardinal-brasserie.ch;https://www.lecardinal-brasserie.ch;;Brasserie, cuisine française, cuisine régionale suisse, terroir neuchâtelois;Oui;Lundi à samedi : 09:00–23:30. Service : 11:30–14:00 et 18:30–22:00, vendredi et samedi jusqu’à 22:30;Dimanche;01.06.2026;01.06.2026;10.07.2026;Web;Desserts;Assortiment de fromages Sterchi;;16
La Charrue;Route de la Côtière 14;2063;Vilars;032 852 08 52;;https://lacharrue.ch;https://lacharrue.ch/nos-menus/;Cuisine traditionnelle, régionale, grillades au feu de bois, spécialités de viande;Oui;Lundi, jeudi, vendredi, samedi et dimanche : 09:00–23:00;Mardi et mercredi;01.06.2026;01.06.2026;10.07.2026;Web;Entrées;Duo d’asperges;Œuf poché et sauce hollandaise, éclats de noisettes et chips de lard;18
La Charrue;Route de la Côtière 14;2063;Vilars;032 852 08 52;;https://lacharrue.ch;https://lacharrue.ch/nos-menus/;Cuisine traditionnelle, régionale, grillades au feu de bois, spécialités de viande;Oui;Lundi, jeudi, vendredi, samedi et dimanche : 09:00–23:00;Mardi et mercredi;01.06.2026;01.06.2026;10.07.2026;Web;Entrées;Tartare d’asperges;Marinade au citron, truite fumée et crème légère au wasabi;19
La Charrue;Route de la Côtière 14;2063;Vilars;032 852 08 52;;https://lacharrue.ch;https://lacharrue.ch/nos-menus/;Cuisine traditionnelle, régionale, grillades au feu de bois, spécialités de viande;Oui;Lundi, jeudi, vendredi, samedi et dimanche : 09:00–23:00;Mardi et mercredi;01.06.2026;01.06.2026;10.07.2026;Web;Entrées;Carpaccio de langue de bœuf;Gribiche à l’ail des ours, salade de radis et pois mange-tout;14
La Charrue;Route de la Côtière 14;2063;Vilars;032 852 08 52;;https://lacharrue.ch;https://lacharrue.ch/nos-menus/;Cuisine traditionnelle, régionale, grillades au feu de bois, spécialités de viande;Oui;Lundi, jeudi, vendredi, samedi et dimanche : 09:00–23:00;Mardi et mercredi;01.06.2026;01.06.2026;10.07.2026;Web;Entrées;Os à moelle gratiné;;14
La Charrue;Route de la Côtière 14;2063;Vilars;032 852 08 52;;https://lacharrue.ch;https://lacharrue.ch/nos-menus/;Cuisine traditionnelle, régionale, grillades au feu de bois, spécialités de viande;Oui;Lundi, jeudi, vendredi, samedi et dimanche : 09:00–23:00;Mardi et mercredi;01.06.2026;01.06.2026;10.07.2026;Web;Entrées;Croustillant de fromage de chèvre;Salade printanière aux pousses d’épinards;14 / 24
La Charrue;Route de la Côtière 14;2063;Vilars;032 852 08 52;;https://lacharrue.ch;https://lacharrue.ch/nos-menus/;Cuisine traditionnelle, régionale, grillades au feu de bois, spécialités de viande;Oui;Lundi, jeudi, vendredi, samedi et dimanche : 09:00–23:00;Mardi et mercredi;01.06.2026;01.06.2026;10.07.2026;Web;Entrées;Salade mêlée;Petite ou grande;8 / 12
La Charrue;Route de la Côtière 14;2063;Vilars;032 852 08 52;;https://lacharrue.ch;https://lacharrue.ch/nos-menus/;Cuisine traditionnelle, régionale, grillades au feu de bois, spécialités de viande;Oui;Lundi, jeudi, vendredi, samedi et dimanche : 09:00–23:00;Mardi et mercredi;01.06.2026;01.06.2026;10.07.2026;Web;Viandes;Lapin à la moutarde;Galette à la romaine et légumes de saison;34
La Charrue;Route de la Côtière 14;2063;Vilars;032 852 08 52;;https://lacharrue.ch;https://lacharrue.ch/nos-menus/;Cuisine traditionnelle, régionale, grillades au feu de bois, spécialités de viande;Oui;Lundi, jeudi, vendredi, samedi et dimanche : 09:00–23:00;Mardi et mercredi;01.06.2026;01.06.2026;10.07.2026;Web;Viandes;Souris d’agneau confite à l’ail des ours;Pomme mousseline maison et légumes de saison;37
La Charrue;Route de la Côtière 14;2063;Vilars;032 852 08 52;;https://lacharrue.ch;https://lacharrue.ch/nos-menus/;Cuisine traditionnelle, régionale, grillades au feu de bois, spécialités de viande;Oui;Lundi, jeudi, vendredi, samedi et dimanche : 09:00–23:00;Mardi et mercredi;01.06.2026;01.06.2026;10.07.2026;Web;Viandes;Joue de bœuf braisée;Bière blonde, tagliatelles et légumes de saison;32
La Charrue;Route de la Côtière 14;2063;Vilars;032 852 08 52;;https://lacharrue.ch;https://lacharrue.ch/nos-menus/;Cuisine traditionnelle, régionale, grillades au feu de bois, spécialités de viande;Oui;Lundi, jeudi, vendredi, samedi et dimanche : 09:00–23:00;Mardi et mercredi;01.06.2026;01.06.2026;10.07.2026;Web;Viandes spécialité;Entrecôte de bœuf Charrue 250 g;Beurre aux morilles, servi sur poêlon;43
La Charrue;Route de la Côtière 14;2063;Vilars;032 852 08 52;;https://lacharrue.ch;https://lacharrue.ch/nos-menus/;Cuisine traditionnelle, régionale, grillades au feu de bois, spécialités de viande;Oui;Lundi, jeudi, vendredi, samedi et dimanche : 09:00–23:00;Mardi et mercredi;01.06.2026;01.06.2026;10.07.2026;Web;Viandes spécialité;Filet de bœuf 200 g;;45
La Charrue;Route de la Côtière 14;2063;Vilars;032 852 08 52;;https://lacharrue.ch;https://lacharrue.ch/nos-menus/;Cuisine traditionnelle, régionale, grillades au feu de bois, spécialités de viande;Oui;Lundi, jeudi, vendredi, samedi et dimanche : 09:00–23:00;Mardi et mercredi;01.06.2026;01.06.2026;10.07.2026;Web;Viandes spécialité;Entrecôte de bœuf 200 g;;39
La Charrue;Route de la Côtière 14;2063;Vilars;032 852 08 52;;https://lacharrue.ch;https://lacharrue.ch/nos-menus/;Cuisine traditionnelle, régionale, grillades au feu de bois, spécialités de viande;Oui;Lundi, jeudi, vendredi, samedi et dimanche : 09:00–23:00;Mardi et mercredi;01.06.2026;01.06.2026;10.07.2026;Web;Viandes spécialité;Steak de bœuf 200 g / 300 g;;30 / 39
La Charrue;Route de la Côtière 14;2063;Vilars;032 852 08 52;;https://lacharrue.ch;https://lacharrue.ch/nos-menus/;Cuisine traditionnelle, régionale, grillades au feu de bois, spécialités de viande;Oui;Lundi, jeudi, vendredi, samedi et dimanche : 09:00–23:00;Mardi et mercredi;01.06.2026;01.06.2026;10.07.2026;Web;Viandes spécialité;Filet de cheval 200 g;;38
La Charrue;Route de la Côtière 14;2063;Vilars;032 852 08 52;;https://lacharrue.ch;https://lacharrue.ch/nos-menus/;Cuisine traditionnelle, régionale, grillades au feu de bois, spécialités de viande;Oui;Lundi, jeudi, vendredi, samedi et dimanche : 09:00–23:00;Mardi et mercredi;01.06.2026;01.06.2026;10.07.2026;Web;Viandes spécialité;Steak de cheval 200 g / 300 g;;29 / 38
La Charrue;Route de la Côtière 14;2063;Vilars;032 852 08 52;;https://lacharrue.ch;https://lacharrue.ch/nos-menus/;Cuisine traditionnelle, régionale, grillades au feu de bois, spécialités de viande;Oui;Lundi, jeudi, vendredi, samedi et dimanche : 09:00–23:00;Mardi et mercredi;01.06.2026;01.06.2026;10.07.2026;Web;Viandes spécialité;Tartare de bœuf maison;Toasts grillés, frites, 200 g / 250 g;30 / 35
La Charrue;Route de la Côtière 14;2063;Vilars;032 852 08 52;;https://lacharrue.ch;https://lacharrue.ch/nos-menus/;Cuisine traditionnelle, régionale, grillades au feu de bois, spécialités de viande;Oui;Lundi, jeudi, vendredi, samedi et dimanche : 09:00–23:00;Mardi et mercredi;01.06.2026;01.06.2026;10.07.2026;Web;Viandes spécialité;Tartare de cheval maison;Toasts grillés, frites, 200 g / 250 g;27 / 32
La Charrue;Route de la Côtière 14;2063;Vilars;032 852 08 52;;https://lacharrue.ch;https://lacharrue.ch/nos-menus/;Cuisine traditionnelle, régionale, grillades au feu de bois, spécialités de viande;Oui;Lundi, jeudi, vendredi, samedi et dimanche : 09:00–23:00;Mardi et mercredi;01.06.2026;01.06.2026;10.07.2026;Web;Sauces;Beurre Café de Paris;;1.50
La Charrue;Route de la Côtière 14;2063;Vilars;032 852 08 52;;https://lacharrue.ch;https://lacharrue.ch/nos-menus/;Cuisine traditionnelle, régionale, grillades au feu de bois, spécialités de viande;Oui;Lundi, jeudi, vendredi, samedi et dimanche : 09:00–23:00;Mardi et mercredi;01.06.2026;01.06.2026;10.07.2026;Web;Sauces;Sauce au poivre;;3
La Charrue;Route de la Côtière 14;2063;Vilars;032 852 08 52;;https://lacharrue.ch;https://lacharrue.ch/nos-menus/;Cuisine traditionnelle, régionale, grillades au feu de bois, spécialités de viande;Oui;Lundi, jeudi, vendredi, samedi et dimanche : 09:00–23:00;Mardi et mercredi;01.06.2026;01.06.2026;10.07.2026;Web;Sauces;Sauce à l’échalote et vin rouge;;5
La Charrue;Route de la Côtière 14;2063;Vilars;032 852 08 52;;https://lacharrue.ch;https://lacharrue.ch/nos-menus/;Cuisine traditionnelle, régionale, grillades au feu de bois, spécialités de viande;Oui;Lundi, jeudi, vendredi, samedi et dimanche : 09:00–23:00;Mardi et mercredi;01.06.2026;01.06.2026;10.07.2026;Web;Sauces;Sauce béarnaise;;5
La Charrue;Route de la Côtière 14;2063;Vilars;032 852 08 52;;https://lacharrue.ch;https://lacharrue.ch/nos-menus/;Cuisine traditionnelle, régionale, grillades au feu de bois, spécialités de viande;Oui;Lundi, jeudi, vendredi, samedi et dimanche : 09:00–23:00;Mardi et mercredi;01.06.2026;01.06.2026;10.07.2026;Web;Sauces;Beurre aux morilles;;9
La Charrue;Route de la Côtière 14;2063;Vilars;032 852 08 52;;https://lacharrue.ch;https://lacharrue.ch/nos-menus/;Cuisine traditionnelle, régionale, grillades au feu de bois, spécialités de viande;Oui;Lundi, jeudi, vendredi, samedi et dimanche : 09:00–23:00;Mardi et mercredi;01.06.2026;01.06.2026;10.07.2026;Web;Sauces;Sauce aux morilles;;9
La Charrue;Route de la Côtière 14;2063;Vilars;032 852 08 52;;https://lacharrue.ch;https://lacharrue.ch/nos-menus/;Cuisine traditionnelle, régionale, grillades au feu de bois, spécialités de viande;Oui;Lundi, jeudi, vendredi, samedi et dimanche : 09:00–23:00;Mardi et mercredi;01.06.2026;01.06.2026;10.07.2026;Web;Pâtes;Pâtes du moment;À demander au restaurant;23
La Charrue;Route de la Côtière 14;2063;Vilars;032 852 08 52;;https://lacharrue.ch;https://lacharrue.ch/nos-menus/;Cuisine traditionnelle, régionale, grillades au feu de bois, spécialités de viande;Oui;Lundi, jeudi, vendredi, samedi et dimanche : 09:00–23:00;Mardi et mercredi;01.06.2026;01.06.2026;10.07.2026;Web;Poissons;Filet de sandre façon meunière;Beurre noisette, riz pilaf et légumes de saison;35
La Charrue;Route de la Côtière 14;2063;Vilars;032 852 08 52;;https://lacharrue.ch;https://lacharrue.ch/nos-menus/;Cuisine traditionnelle, régionale, grillades au feu de bois, spécialités de viande;Oui;Lundi, jeudi, vendredi, samedi et dimanche : 09:00–23:00;Mardi et mercredi;01.06.2026;01.06.2026;10.07.2026;Web;Fondues;Fondue chinoise de bœuf ou cheval;220 g, sauces d’accompagnement, salade mêlée incluse;35
La Charrue;Route de la Côtière 14;2063;Vilars;032 852 08 52;;https://lacharrue.ch;https://lacharrue.ch/nos-menus/;Cuisine traditionnelle, régionale, grillades au feu de bois, spécialités de viande;Oui;Lundi, jeudi, vendredi, samedi et dimanche : 09:00–23:00;Mardi et mercredi;01.06.2026;01.06.2026;10.07.2026;Web;Fondues;Fondue bourguignonne de bœuf;220 g;37
La Charrue;Route de la Côtière 14;2063;Vilars;032 852 08 52;;https://lacharrue.ch;https://lacharrue.ch/nos-menus/;Cuisine traditionnelle, régionale, grillades au feu de bois, spécialités de viande;Oui;Lundi, jeudi, vendredi, samedi et dimanche : 09:00–23:00;Mardi et mercredi;01.06.2026;01.06.2026;10.07.2026;Web;Fondues;Fondue bourguignonne de cheval;220 g;36
La Charrue;Route de la Côtière 14;2063;Vilars;032 852 08 52;;https://lacharrue.ch;https://lacharrue.ch/nos-menus/;Cuisine traditionnelle, régionale, grillades au feu de bois, spécialités de viande;Oui;Lundi, jeudi, vendredi, samedi et dimanche : 09:00–23:00;Mardi et mercredi;01.06.2026;01.06.2026;10.07.2026;Web;Fondues;Fondue de La Charrue;Viande de bœuf marinée aux épices et vin rouge, 220 g;39
La Charrue;Route de la Côtière 14;2063;Vilars;032 852 08 52;;https://lacharrue.ch;https://lacharrue.ch/nos-menus/;Cuisine traditionnelle, régionale, grillades au feu de bois, spécialités de viande;Oui;Lundi, jeudi, vendredi, samedi et dimanche : 09:00–23:00;Mardi et mercredi;01.06.2026;01.06.2026;10.07.2026;Web;Menus;Menu côtière;Duo d’asperges, joue de bœuf braisée, café gourmand;62
La Charrue;Route de la Côtière 14;2063;Vilars;032 852 08 52;;https://lacharrue.ch;https://lacharrue.ch/nos-menus/;Cuisine traditionnelle, régionale, grillades au feu de bois, spécialités de viande;Oui;Lundi, jeudi, vendredi, samedi et dimanche : 09:00–23:00;Mardi et mercredi;01.06.2026;01.06.2026;10.07.2026;Web;Menus;Menu Vilars;Salade mêlée, steak de bœuf ou cheval à la cheminée, légumes, frites, tarte du jour;36
La Charrue;Route de la Côtière 14;2063;Vilars;032 852 08 52;;https://lacharrue.ch;https://lacharrue.ch/nos-menus/;Cuisine traditionnelle, régionale, grillades au feu de bois, spécialités de viande;Oui;Lundi, jeudi, vendredi, samedi et dimanche : 09:00–23:00;Mardi et mercredi;01.06.2026;01.06.2026;10.07.2026;Web;Desserts;Glaces artisanales;Prix par boule;4
Écluse 13;Rue de l'Écluse 13;2000;Neuchâtel;032 725 07 60;info@ecluse13.ch;https://www.ecluse13.ch;https://www.ecluse13.ch;Brasserie, cuisine française, cuisine suisse, viandes maturées, grillades;Oui;Lundi à vendredi : 11:00–14:00 et 18:00–23:00. Samedi : service du soir uniquement;Dimanche;01.06.2026;01.06.2026;10.07.2026;Web;Viandes;Filet de bœuf;Environ 200 g, origine CH;47
Écluse 13;Rue de l'Écluse 13;2000;Neuchâtel;032 725 07 60;info@ecluse13.ch;https://www.ecluse13.ch;https://www.ecluse13.ch;Brasserie, cuisine française, cuisine suisse, viandes maturées, grillades;Oui;Lundi à vendredi : 11:00–14:00 et 18:00–23:00. Samedi : service du soir uniquement;Dimanche;01.06.2026;01.06.2026;10.07.2026;Web;Viandes;Entrecôte de bœuf prétranchée;Environ 200 g, origine CH;42
Écluse 13;Rue de l'Écluse 13;2000;Neuchâtel;032 725 07 60;info@ecluse13.ch;https://www.ecluse13.ch;https://www.ecluse13.ch;Brasserie, cuisine française, cuisine suisse, viandes maturées, grillades;Oui;Lundi à vendredi : 11:00–14:00 et 18:00–23:00. Samedi : service du soir uniquement;Dimanche;01.06.2026;01.06.2026;10.07.2026;Web;Viandes;Entrecôte prétranchée avec os à moelle;Origine CH;52
Écluse 13;Rue de l'Écluse 13;2000;Neuchâtel;032 725 07 60;info@ecluse13.ch;https://www.ecluse13.ch;https://www.ecluse13.ch;Brasserie, cuisine française, cuisine suisse, viandes maturées, grillades;Oui;Lundi à vendredi : 11:00–14:00 et 18:00–23:00. Samedi : service du soir uniquement;Dimanche;01.06.2026;01.06.2026;10.07.2026;Web;Viandes;Filet de cheval;Environ 200 g, origine Islande;38
Écluse 13;Rue de l'Écluse 13;2000;Neuchâtel;032 725 07 60;info@ecluse13.ch;https://www.ecluse13.ch;https://www.ecluse13.ch;Brasserie, cuisine française, cuisine suisse, viandes maturées, grillades;Oui;Lundi à vendredi : 11:00–14:00 et 18:00–23:00. Samedi : service du soir uniquement;Dimanche;01.06.2026;01.06.2026;10.07.2026;Web;Viandes;Entrecôte de bison;Environ 200 g, origine USA;48
Écluse 13;Rue de l'Écluse 13;2000;Neuchâtel;032 725 07 60;info@ecluse13.ch;https://www.ecluse13.ch;https://www.ecluse13.ch;Brasserie, cuisine française, cuisine suisse, viandes maturées, grillades;Oui;Lundi à vendredi : 11:00–14:00 et 18:00–23:00. Samedi : service du soir uniquement;Dimanche;01.06.2026;01.06.2026;10.07.2026;Web;Viandes;Filet de canette;180 à 220 g, réduction aux agrumes, origine FR;38
Écluse 13;Rue de l'Écluse 13;2000;Neuchâtel;032 725 07 60;info@ecluse13.ch;https://www.ecluse13.ch;https://www.ecluse13.ch;Brasserie, cuisine française, cuisine suisse, viandes maturées, grillades;Oui;Lundi à vendredi : 11:00–14:00 et 18:00–23:00. Samedi : service du soir uniquement;Dimanche;01.06.2026;01.06.2026;10.07.2026;Web;Viandes;Côte de porc grand cru;Cuisson basse température, jus corsé, origine CH;42
Écluse 13;Rue de l'Écluse 13;2000;Neuchâtel;032 725 07 60;info@ecluse13.ch;https://www.ecluse13.ch;https://www.ecluse13.ch;Brasserie, cuisine française, cuisine suisse, viandes maturées, grillades;Oui;Lundi à vendredi : 11:00–14:00 et 18:00–23:00. Samedi : service du soir uniquement;Dimanche;01.06.2026;01.06.2026;10.07.2026;Web;Viandes;Cordon bleu de porc maison;Origine CH;32
Écluse 13;Rue de l'Écluse 13;2000;Neuchâtel;032 725 07 60;info@ecluse13.ch;https://www.ecluse13.ch;https://www.ecluse13.ch;Brasserie, cuisine française, cuisine suisse, viandes maturées, grillades;Oui;Lundi à vendredi : 11:00–14:00 et 18:00–23:00. Samedi : service du soir uniquement;Dimanche;01.06.2026;01.06.2026;10.07.2026;Web;Viandes;Suprême de poulet à pattes noires basse température;Laqué et son jus aromatique, origine CH;38
Écluse 13;Rue de l'Écluse 13;2000;Neuchâtel;032 725 07 60;info@ecluse13.ch;https://www.ecluse13.ch;https://www.ecluse13.ch;Brasserie, cuisine française, cuisine suisse, viandes maturées, grillades;Oui;Lundi à vendredi : 11:00–14:00 et 18:00–23:00. Samedi : service du soir uniquement;Dimanche;01.06.2026;01.06.2026;10.07.2026;Web;Fondues;Fondue bourguignonne de filet de bœuf;Dès 2 personnes, 4 sauces maison, beurre composé du chef, condiments et pommes frites, environ 220 g par personne, origine CH;48 / pers.
Écluse 13;Rue de l'Écluse 13;2000;Neuchâtel;032 725 07 60;info@ecluse13.ch;https://www.ecluse13.ch;https://www.ecluse13.ch;Brasserie, cuisine française, cuisine suisse, viandes maturées, grillades;Oui;Lundi à vendredi : 11:00–14:00 et 18:00–23:00. Samedi : service du soir uniquement;Dimanche;01.06.2026;01.06.2026;10.07.2026;Web;Fondues;Supplément fondue bourguignonne;Environ 150 g;16
Restaurant La Terrasse;Place de la Gare 2;2000;Neuchâtel;032 723 19 19;contact@laterrasse-restaurant.ch;https://laterrasse-restaurant.ch;https://laterrasse-restaurant.ch/cote-restaurant/;Cuisine régionale suisse, gastronomique, terroir neuchâtelois, cuisine de saison;Oui, terrasse panoramique;Lundi à vendredi : midi et soir. Samedi : soir uniquement;Dimanche;01.06.2026;01.06.2026;10.07.2026;Web;Entrées;Salade mêli-mélo;Vinaigrette La Terrasse;8
Restaurant La Terrasse;Place de la Gare 2;2000;Neuchâtel;032 723 19 19;contact@laterrasse-restaurant.ch;https://laterrasse-restaurant.ch;https://laterrasse-restaurant.ch/cote-restaurant/;Cuisine régionale suisse, gastronomique, terroir neuchâtelois, cuisine de saison;Oui, terrasse panoramique;Lundi à vendredi : midi et soir. Samedi : soir uniquement;Dimanche;01.06.2026;01.06.2026;10.07.2026;Web;Entrées;Tarte fine aux tomates cerises;Caramel de tomates, burrata et basilic;15
Restaurant La Terrasse;Place de la Gare 2;2000;Neuchâtel;032 723 19 19;contact@laterrasse-restaurant.ch;https://laterrasse-restaurant.ch;https://laterrasse-restaurant.ch/cote-restaurant/;Cuisine régionale suisse, gastronomique, terroir neuchâtelois, cuisine de saison;Oui, terrasse panoramique;Lundi à vendredi : midi et soir. Samedi : soir uniquement;Dimanche;01.06.2026;01.06.2026;10.07.2026;Web;Entrées;Tartare de saumon des Grisons;Fruits de la passion et gingembre, brioche maison légèrement toastée;16
Restaurant La Terrasse;Place de la Gare 2;2000;Neuchâtel;032 723 19 19;contact@laterrasse-restaurant.ch;https://laterrasse-restaurant.ch;https://laterrasse-restaurant.ch/cote-restaurant/;Cuisine régionale suisse, gastronomique, terroir neuchâtelois, cuisine de saison;Oui, terrasse panoramique;Lundi à vendredi : midi et soir. Samedi : soir uniquement;Dimanche;01.06.2026;01.06.2026;10.07.2026;Web;Entrées;Filet de thon juste snacké;Sauce sésame, coulis de tomates au cumin;18
Restaurant La Terrasse;Place de la Gare 2;2000;Neuchâtel;032 723 19 19;contact@laterrasse-restaurant.ch;https://laterrasse-restaurant.ch;https://laterrasse-restaurant.ch/cote-restaurant/;Cuisine régionale suisse, gastronomique, terroir neuchâtelois, cuisine de saison;Oui, terrasse panoramique;Lundi à vendredi : midi et soir. Samedi : soir uniquement;Dimanche;01.06.2026;01.06.2026;10.07.2026;Web;Entrées;Langoustine rôtie;Crème de fenouil, huile parfumée à l’aneth;19
Restaurant La Terrasse;Place de la Gare 2;2000;Neuchâtel;032 723 19 19;contact@laterrasse-restaurant.ch;https://laterrasse-restaurant.ch;https://laterrasse-restaurant.ch/cote-restaurant/;Cuisine régionale suisse, gastronomique, terroir neuchâtelois, cuisine de saison;Oui, terrasse panoramique;Lundi à vendredi : midi et soir. Samedi : soir uniquement;Dimanche;01.06.2026;01.06.2026;10.07.2026;Web;Entrées;Vitello tonnato;Noix de veau, sauce au thon, entrée ou plat;21 / 42
Restaurant La Terrasse;Place de la Gare 2;2000;Neuchâtel;032 723 19 19;contact@laterrasse-restaurant.ch;https://laterrasse-restaurant.ch;https://laterrasse-restaurant.ch/cote-restaurant/;Cuisine régionale suisse, gastronomique, terroir neuchâtelois, cuisine de saison;Oui, terrasse panoramique;Lundi à vendredi : midi et soir. Samedi : soir uniquement;Dimanche;01.06.2026;01.06.2026;10.07.2026;Web;Plats;Tagliata de filet de porc des Ponts-de-Martel;Sauce chimichurri, garniture au choix;37
Restaurant La Terrasse;Place de la Gare 2;2000;Neuchâtel;032 723 19 19;contact@laterrasse-restaurant.ch;https://laterrasse-restaurant.ch;https://laterrasse-restaurant.ch/cote-restaurant/;Cuisine régionale suisse, gastronomique, terroir neuchâtelois, cuisine de saison;Oui, terrasse panoramique;Lundi à vendredi : midi et soir. Samedi : soir uniquement;Dimanche;01.06.2026;01.06.2026;10.07.2026;Web;Plats;Épaule d’agneau cuite à basse température;Thym frais, citron et olives, garniture au choix;39
Restaurant La Terrasse;Place de la Gare 2;2000;Neuchâtel;032 723 19 19;contact@laterrasse-restaurant.ch;https://laterrasse-restaurant.ch;https://laterrasse-restaurant.ch/cote-restaurant/;Cuisine régionale suisse, gastronomique, terroir neuchâtelois, cuisine de saison;Oui, terrasse panoramique;Lundi à vendredi : midi et soir. Samedi : soir uniquement;Dimanche;01.06.2026;01.06.2026;10.07.2026;Web;Plats;Tartare de bœuf coupé au couteau;Toasts et frites fraîches;37
Restaurant La Terrasse;Place de la Gare 2;2000;Neuchâtel;032 723 19 19;contact@laterrasse-restaurant.ch;https://laterrasse-restaurant.ch;https://laterrasse-restaurant.ch/cote-restaurant/;Cuisine régionale suisse, gastronomique, terroir neuchâtelois, cuisine de saison;Oui, terrasse panoramique;Lundi à vendredi : midi et soir. Samedi : soir uniquement;Dimanche;01.06.2026;01.06.2026;10.07.2026;Web;Plats;Double entrecôte de bœuf Simmental;Pour 2 personnes, sauce béarnaise, garniture au choix, prix par personne;48
Restaurant La Terrasse;Place de la Gare 2;2000;Neuchâtel;032 723 19 19;contact@laterrasse-restaurant.ch;https://laterrasse-restaurant.ch;https://laterrasse-restaurant.ch/cote-restaurant/;Cuisine régionale suisse, gastronomique, terroir neuchâtelois, cuisine de saison;Oui, terrasse panoramique;Lundi à vendredi : midi et soir. Samedi : soir uniquement;Dimanche;01.06.2026;01.06.2026;10.07.2026;Web;Plats;Filet de daurade sauvage;Artichauts à la barigoule, garniture au choix;45
Restaurant La Terrasse;Place de la Gare 2;2000;Neuchâtel;032 723 19 19;contact@laterrasse-restaurant.ch;https://laterrasse-restaurant.ch;https://laterrasse-restaurant.ch/cote-restaurant/;Cuisine régionale suisse, gastronomique, terroir neuchâtelois, cuisine de saison;Oui, terrasse panoramique;Lundi à vendredi : midi et soir. Samedi : soir uniquement;Dimanche;01.06.2026;01.06.2026;10.07.2026;Web;Plats;Pêche sauvage du moment;Garniture au choix;Selon arrivage
Restaurant La Terrasse;Place de la Gare 2;2000;Neuchâtel;032 723 19 19;contact@laterrasse-restaurant.ch;https://laterrasse-restaurant.ch;https://laterrasse-restaurant.ch/cote-restaurant/;Cuisine régionale suisse, gastronomique, terroir neuchâtelois, cuisine de saison;Oui, terrasse panoramique;Lundi à vendredi : midi et soir. Samedi : soir uniquement;Dimanche;01.06.2026;01.06.2026;10.07.2026;Web;Plats;Filets de perche meunière;Sauce Chasselas ou beurre noisette, garniture au choix;42
Restaurant La Terrasse;Place de la Gare 2;2000;Neuchâtel;032 723 19 19;contact@laterrasse-restaurant.ch;https://laterrasse-restaurant.ch;https://laterrasse-restaurant.ch/cote-restaurant/;Cuisine régionale suisse, gastronomique, terroir neuchâtelois, cuisine de saison;Oui, terrasse panoramique;Lundi à vendredi : midi et soir. Samedi : soir uniquement;Dimanche;01.06.2026;01.06.2026;10.07.2026;Web;Plats;Pressé de légumes à la provençale;Chèvre frais et vinaigrette pignons, olives et miel;34
Restaurant La Terrasse;Place de la Gare 2;2000;Neuchâtel;032 723 19 19;contact@laterrasse-restaurant.ch;https://laterrasse-restaurant.ch;https://laterrasse-restaurant.ch/cote-restaurant/;Cuisine régionale suisse, gastronomique, terroir neuchâtelois, cuisine de saison;Oui, terrasse panoramique;Lundi à vendredi : midi et soir. Samedi : soir uniquement;Dimanche;01.06.2026;01.06.2026;10.07.2026;Web;Desserts;Trio de fromages de La Maison du Fromage Sterchi;Chutney maison;14
Restaurant La Terrasse;Place de la Gare 2;2000;Neuchâtel;032 723 19 19;contact@laterrasse-restaurant.ch;https://laterrasse-restaurant.ch;https://laterrasse-restaurant.ch/cote-restaurant/;Cuisine régionale suisse, gastronomique, terroir neuchâtelois, cuisine de saison;Oui, terrasse panoramique;Lundi à vendredi : midi et soir. Samedi : soir uniquement;Dimanche;01.06.2026;01.06.2026;10.07.2026;Web;Desserts;Pavlova aux myrtilles;Sorbet citron;14
Restaurant La Terrasse;Place de la Gare 2;2000;Neuchâtel;032 723 19 19;contact@laterrasse-restaurant.ch;https://laterrasse-restaurant.ch;https://laterrasse-restaurant.ch/cote-restaurant/;Cuisine régionale suisse, gastronomique, terroir neuchâtelois, cuisine de saison;Oui, terrasse panoramique;Lundi à vendredi : midi et soir. Samedi : soir uniquement;Dimanche;01.06.2026;01.06.2026;10.07.2026;Web;Desserts;Sablé breton aux framboises;Crème vanille, sorbet framboise;15
Restaurant La Terrasse;Place de la Gare 2;2000;Neuchâtel;032 723 19 19;contact@laterrasse-restaurant.ch;https://laterrasse-restaurant.ch;https://laterrasse-restaurant.ch/cote-restaurant/;Cuisine régionale suisse, gastronomique, terroir neuchâtelois, cuisine de saison;Oui, terrasse panoramique;Lundi à vendredi : midi et soir. Samedi : soir uniquement;Dimanche;01.06.2026;01.06.2026;10.07.2026;Web;Desserts;Baba aux abricots;Coulis aromatisé à l’Abricotine du Valais;15
Restaurant La Terrasse;Place de la Gare 2;2000;Neuchâtel;032 723 19 19;contact@laterrasse-restaurant.ch;https://laterrasse-restaurant.ch;https://laterrasse-restaurant.ch/cote-restaurant/;Cuisine régionale suisse, gastronomique, terroir neuchâtelois, cuisine de saison;Oui, terrasse panoramique;Lundi à vendredi : midi et soir. Samedi : soir uniquement;Dimanche;01.06.2026;01.06.2026;10.07.2026;Web;Desserts;Crème brûlée à la vanille;Boule de glace vanille;14
Restaurant La Terrasse;Place de la Gare 2;2000;Neuchâtel;032 723 19 19;contact@laterrasse-restaurant.ch;https://laterrasse-restaurant.ch;https://laterrasse-restaurant.ch/cote-restaurant/;Cuisine régionale suisse, gastronomique, terroir neuchâtelois, cuisine de saison;Oui, terrasse panoramique;Lundi à vendredi : midi et soir. Samedi : soir uniquement;Dimanche;01.06.2026;01.06.2026;10.07.2026;Web;Desserts;Café gourmand;Quatre mignardises, café au choix;16
Restaurant La Terrasse;Place de la Gare 2;2000;Neuchâtel;032 723 19 19;contact@laterrasse-restaurant.ch;https://laterrasse-restaurant.ch;https://laterrasse-restaurant.ch/cote-restaurant/;Cuisine régionale suisse, gastronomique, terroir neuchâtelois, cuisine de saison;Oui, terrasse panoramique;Lundi à vendredi : midi et soir. Samedi : soir uniquement;Dimanche;01.06.2026;01.06.2026;10.07.2026;Web;Enfants;Portions enfants;Tagliata de porc, épaule d’agneau, filets de perche, demi-prix jusqu’à 12 ans;1/2 prix
Restaurant La Piscine;Route de la Piscine 1;2525;Le Landeron;032 751 26 88;;https://www.restaurantlapiscine.ch;https://www.restaurantlapiscine.ch/copie-de-carte-des-mets;Cuisine traditionnelle, poissons, viandes, pâtes, grillades à la plancha;Oui, avec vue sur le lac de Bienne;Saison estivale : tous les jours de 09:00 à 23:00. Les horaires peuvent varier selon la saison;Aucun en saison estivale;04.05.2026;10.07.2026;10.07.2026;Roud D;Menu du jour;Menu du jour;Du lundi au vendredi à midi, entrée et plat;21
Restaurant La Piscine;Route de la Piscine 1;2525;Le Landeron;032 751 26 88;;https://www.restaurantlapiscine.ch;https://www.restaurantlapiscine.ch/copie-de-carte-des-mets;Cuisine traditionnelle, poissons, viandes, pâtes, grillades à la plancha;Oui, avec vue sur le lac de Bienne;Saison estivale : tous les jours de 09:00 à 23:00. Les horaires peuvent varier selon la saison;Aucun en saison estivale;04.05.2026;10.07.2026;10.07.2026;Roud D;Salades;Salade verte;Sauce maison;8
Restaurant La Piscine;Route de la Piscine 1;2525;Le Landeron;032 751 26 88;;https://www.restaurantlapiscine.ch;https://www.restaurantlapiscine.ch/copie-de-carte-des-mets;Cuisine traditionnelle, poissons, viandes, pâtes, grillades à la plancha;Oui, avec vue sur le lac de Bienne;Saison estivale : tous les jours de 09:00 à 23:00. Les horaires peuvent varier selon la saison;Aucun en saison estivale;04.05.2026;10.07.2026;10.07.2026;Roud D;Salades;Salade mêlée;Petite;10
Restaurant La Piscine;Route de la Piscine 1;2525;Le Landeron;032 751 26 88;;https://www.restaurantlapiscine.ch;https://www.restaurantlapiscine.ch/copie-de-carte-des-mets;Cuisine traditionnelle, poissons, viandes, pâtes, grillades à la plancha;Oui, avec vue sur le lac de Bienne;Saison estivale : tous les jours de 09:00 à 23:00. Les horaires peuvent varier selon la saison;Aucun en saison estivale;04.05.2026;10.07.2026;10.07.2026;Roud D;Salades;Salade mêlée;Grande;16
Restaurant La Piscine;Route de la Piscine 1;2525;Le Landeron;032 751 26 88;;https://www.restaurantlapiscine.ch;https://www.restaurantlapiscine.ch/copie-de-carte-des-mets;Cuisine traditionnelle, poissons, viandes, pâtes, grillades à la plancha;Oui, avec vue sur le lac de Bienne;Saison estivale : tous les jours de 09:00 à 23:00. Les horaires peuvent varier selon la saison;Aucun en saison estivale;04.05.2026;10.07.2026;10.07.2026;Roud D;Salades;Salade fitness avec filets de poulet grillé;;26
Restaurant La Piscine;Route de la Piscine 1;2525;Le Landeron;032 751 26 88;;https://www.restaurantlapiscine.ch;https://www.restaurantlapiscine.ch/copie-de-carte-des-mets;Cuisine traditionnelle, poissons, viandes, pâtes, grillades à la plancha;Oui, avec vue sur le lac de Bienne;Saison estivale : tous les jours de 09:00 à 23:00. Les horaires peuvent varier selon la saison;Aucun en saison estivale;04.05.2026;10.07.2026;10.07.2026;Roud D;Salades;Salade grecque;Aubergines, courgettes, tomates, oignons, olives, feta;25
Restaurant La Piscine;Route de la Piscine 1;2525;Le Landeron;032 751 26 88;;https://www.restaurantlapiscine.ch;https://www.restaurantlapiscine.ch/copie-de-carte-des-mets;Cuisine traditionnelle, poissons, viandes, pâtes, grillades à la plancha;Oui, avec vue sur le lac de Bienne;Saison estivale : tous les jours de 09:00 à 23:00. Les horaires peuvent varier selon la saison;Aucun en saison estivale;04.05.2026;10.07.2026;10.07.2026;Roud D;À partager;Samosas aux légumes;Avec petite salade;12
Restaurant La Piscine;Route de la Piscine 1;2525;Le Landeron;032 751 26 88;;https://www.restaurantlapiscine.ch;https://www.restaurantlapiscine.ch/copie-de-carte-des-mets;Cuisine traditionnelle, poissons, viandes, pâtes, grillades à la plancha;Oui, avec vue sur le lac de Bienne;Saison estivale : tous les jours de 09:00 à 23:00. Les horaires peuvent varier selon la saison;Aucun en saison estivale;04.05.2026;10.07.2026;10.07.2026;Roud D;À partager;Accras de morue maison;10 pièces;14
Restaurant La Piscine;Route de la Piscine 1;2525;Le Landeron;032 751 26 88;;https://www.restaurantlapiscine.ch;https://www.restaurantlapiscine.ch/copie-de-carte-des-mets;Cuisine traditionnelle, poissons, viandes, pâtes, grillades à la plancha;Oui, avec vue sur le lac de Bienne;Saison estivale : tous les jours de 09:00 à 23:00. Les horaires peuvent varier selon la saison;Aucun en saison estivale;04.05.2026;10.07.2026;10.07.2026;Roud D;Poissons;Filets de perches meunières;;35
Restaurant La Piscine;Route de la Piscine 1;2525;Le Landeron;032 751 26 88;;https://www.restaurantlapiscine.ch;https://www.restaurantlapiscine.ch/copie-de-carte-des-mets;Cuisine traditionnelle, poissons, viandes, pâtes, grillades à la plancha;Oui, avec vue sur le lac de Bienne;Saison estivale : tous les jours de 09:00 à 23:00. Les horaires peuvent varier selon la saison;Aucun en saison estivale;04.05.2026;10.07.2026;10.07.2026;Roud D;Poissons;Filets de perches aux amandes;;37
Restaurant La Piscine;Route de la Piscine 1;2525;Le Landeron;032 751 26 88;;https://www.restaurantlapiscine.ch;https://www.restaurantlapiscine.ch/copie-de-carte-des-mets;Cuisine traditionnelle, poissons, viandes, pâtes, grillades à la plancha;Oui, avec vue sur le lac de Bienne;Saison estivale : tous les jours de 09:00 à 23:00. Les horaires peuvent varier selon la saison;Aucun en saison estivale;04.05.2026;10.07.2026;10.07.2026;Roud D;Poissons;Filets de sandre sauce du Chef;;34
Restaurant La Piscine;Route de la Piscine 1;2525;Le Landeron;032 751 26 88;;https://www.restaurantlapiscine.ch;https://www.restaurantlapiscine.ch/copie-de-carte-des-mets;Cuisine traditionnelle, poissons, viandes, pâtes, grillades à la plancha;Oui, avec vue sur le lac de Bienne;Saison estivale : tous les jours de 09:00 à 23:00. Les horaires peuvent varier selon la saison;Aucun en saison estivale;04.05.2026;10.07.2026;10.07.2026;Roud D;Poissons;Filet de silure façon du Chef;Cuit à la minute, merci de votre patience;35
Restaurant La Piscine;Route de la Piscine 1;2525;Le Landeron;032 751 26 88;;https://www.restaurantlapiscine.ch;https://www.restaurantlapiscine.ch/copie-de-carte-des-mets;Cuisine traditionnelle, poissons, viandes, pâtes, grillades à la plancha;Oui, avec vue sur le lac de Bienne;Saison estivale : tous les jours de 09:00 à 23:00. Les horaires peuvent varier selon la saison;Aucun en saison estivale;04.05.2026;10.07.2026;10.07.2026;Roud D;Poissons;Cuisses de grenouilles façon Piscine;Cuites à la minute, merci de votre patience;34
Restaurant La Piscine;Route de la Piscine 1;2525;Le Landeron;032 751 26 88;;https://www.restaurantlapiscine.ch;https://www.restaurantlapiscine.ch/copie-de-carte-des-mets;Cuisine traditionnelle, poissons, viandes, pâtes, grillades à la plancha;Oui, avec vue sur le lac de Bienne;Saison estivale : tous les jours de 09:00 à 23:00. Les horaires peuvent varier selon la saison;Aucun en saison estivale;04.05.2026;10.07.2026;10.07.2026;Roud D;Poissons;Gambas grillées au beurre citronné;;35
Restaurant La Piscine;Route de la Piscine 1;2525;Le Landeron;032 751 26 88;;https://www.restaurantlapiscine.ch;https://www.restaurantlapiscine.ch/copie-de-carte-des-mets;Cuisine traditionnelle, poissons, viandes, pâtes, grillades à la plancha;Oui, avec vue sur le lac de Bienne;Saison estivale : tous les jours de 09:00 à 23:00. Les horaires peuvent varier selon la saison;Aucun en saison estivale;04.05.2026;10.07.2026;10.07.2026;Roud D;Poissons;Friture de calamars;;30
Restaurant La Piscine;Route de la Piscine 1;2525;Le Landeron;032 751 26 88;;https://www.restaurantlapiscine.ch;https://www.restaurantlapiscine.ch/copie-de-carte-des-mets;Cuisine traditionnelle, poissons, viandes, pâtes, grillades à la plancha;Oui, avec vue sur le lac de Bienne;Saison estivale : tous les jours de 09:00 à 23:00. Les horaires peuvent varier selon la saison;Aucun en saison estivale;04.05.2026;10.07.2026;10.07.2026;Roud D;Poissons;Accompagnement des poissons;Frites ou pommes de terre vapeur et salade en entrée;Inclus
Restaurant La Piscine;Route de la Piscine 1;2525;Le Landeron;032 751 26 88;;https://www.restaurantlapiscine.ch;https://www.restaurantlapiscine.ch/copie-de-carte-des-mets;Cuisine traditionnelle, poissons, viandes, pâtes, grillades à la plancha;Oui, avec vue sur le lac de Bienne;Saison estivale : tous les jours de 09:00 à 23:00. Les horaires peuvent varier selon la saison;Aucun en saison estivale;04.05.2026;10.07.2026;10.07.2026;Roud D;Barbecue à la plancha;Barbecue à la plancha;Vendredis et samedis soir, à discrétion, 1 assiette;42 / 28
Restaurant La Piscine;Route de la Piscine 1;2525;Le Landeron;032 751 26 88;;https://www.restaurantlapiscine.ch;https://www.restaurantlapiscine.ch/copie-de-carte-des-mets;Cuisine traditionnelle, poissons, viandes, pâtes, grillades à la plancha;Oui, avec vue sur le lac de Bienne;Saison estivale : tous les jours de 09:00 à 23:00. Les horaires peuvent varier selon la saison;Aucun en saison estivale;04.05.2026;10.07.2026;10.07.2026;Roud D;Barbecue à la plancha;Promotion barbecue à la plancha;Jeudis soir et dimanches à midi, à discrétion;32
Restaurant La Piscine;Route de la Piscine 1;2525;Le Landeron;032 751 26 88;;https://www.restaurantlapiscine.ch;https://www.restaurantlapiscine.ch/copie-de-carte-des-mets;Cuisine traditionnelle, poissons, viandes, pâtes, grillades à la plancha;Oui, avec vue sur le lac de Bienne;Saison estivale : tous les jours de 09:00 à 23:00. Les horaires peuvent varier selon la saison;Aucun en saison estivale;04.05.2026;10.07.2026;10.07.2026;Roud D;Viandes;Cordon bleu maison au fromage à raclette;Porc;35
Restaurant La Piscine;Route de la Piscine 1;2525;Le Landeron;032 751 26 88;;https://www.restaurantlapiscine.ch;https://www.restaurantlapiscine.ch/copie-de-carte-des-mets;Cuisine traditionnelle, poissons, viandes, pâtes, grillades à la plancha;Oui, avec vue sur le lac de Bienne;Saison estivale : tous les jours de 09:00 à 23:00. Les horaires peuvent varier selon la saison;Aucun en saison estivale;04.05.2026;10.07.2026;10.07.2026;Roud D;Viandes;Filets mignons sauce aux morilles;;40
Restaurant La Piscine;Route de la Piscine 1;2525;Le Landeron;032 751 26 88;;https://www.restaurantlapiscine.ch;https://www.restaurantlapiscine.ch/copie-de-carte-des-mets;Cuisine traditionnelle, poissons, viandes, pâtes, grillades à la plancha;Oui, avec vue sur le lac de Bienne;Saison estivale : tous les jours de 09:00 à 23:00. Les horaires peuvent varier selon la saison;Aucun en saison estivale;04.05.2026;10.07.2026;10.07.2026;Roud D;Ardoises de bœuf;Ardoise de bœuf aux deux sauces;"Sauces tartare et à l'ail; service exclusivement en terrasse";39
Restaurant La Piscine;Route de la Piscine 1;2525;Le Landeron;032 751 26 88;;https://www.restaurantlapiscine.ch;https://www.restaurantlapiscine.ch/copie-de-carte-des-mets;Cuisine traditionnelle, poissons, viandes, pâtes, grillades à la plancha;Oui, avec vue sur le lac de Bienne;Saison estivale : tous les jours de 09:00 à 23:00. Les horaires peuvent varier selon la saison;Aucun en saison estivale;04.05.2026;10.07.2026;10.07.2026;Roud D;Ardoises de bœuf;Ardoise de bœuf sauce aux morilles;Service exclusivement en terrasse;45
Restaurant La Piscine;Route de la Piscine 1;2525;Le Landeron;032 751 26 88;;https://www.restaurantlapiscine.ch;https://www.restaurantlapiscine.ch/copie-de-carte-des-mets;Cuisine traditionnelle, poissons, viandes, pâtes, grillades à la plancha;Oui, avec vue sur le lac de Bienne;Saison estivale : tous les jours de 09:00 à 23:00. Les horaires peuvent varier selon la saison;Aucun en saison estivale;04.05.2026;10.07.2026;10.07.2026;Roud D;Ardoises de bœuf;Accompagnement des ardoises;Frites ou pâtes et salade en entrée;Inclus
Restaurant La Piscine;Route de la Piscine 1;2525;Le Landeron;032 751 26 88;;https://www.restaurantlapiscine.ch;https://www.restaurantlapiscine.ch/copie-de-carte-des-mets;Cuisine traditionnelle, poissons, viandes, pâtes, grillades à la plancha;Oui, avec vue sur le lac de Bienne;Saison estivale : tous les jours de 09:00 à 23:00. Les horaires peuvent varier selon la saison;Aucun en saison estivale;04.05.2026;10.07.2026;10.07.2026;Roud D;Viandes froides;Tartare de bœuf;200 g, avec frites et toasts;35
Restaurant La Piscine;Route de la Piscine 1;2525;Le Landeron;032 751 26 88;;https://www.restaurantlapiscine.ch;https://www.restaurantlapiscine.ch/copie-de-carte-des-mets;Cuisine traditionnelle, poissons, viandes, pâtes, grillades à la plancha;Oui, avec vue sur le lac de Bienne;Saison estivale : tous les jours de 09:00 à 23:00. Les horaires peuvent varier selon la saison;Aucun en saison estivale;04.05.2026;10.07.2026;10.07.2026;Roud D;Viandes froides;Carpaccio de bœuf au basilic;Avec frites;29
Restaurant La Piscine;Route de la Piscine 1;2525;Le Landeron;032 751 26 88;;https://www.restaurantlapiscine.ch;https://www.restaurantlapiscine.ch/copie-de-carte-des-mets;Cuisine traditionnelle, poissons, viandes, pâtes, grillades à la plancha;Oui, avec vue sur le lac de Bienne;Saison estivale : tous les jours de 09:00 à 23:00. Les horaires peuvent varier selon la saison;Aucun en saison estivale;04.05.2026;10.07.2026;10.07.2026;Roud D;Viandes froides;Roastbeef;Entrecôte, sauce tartare, frites et salade;35
Restaurant La Piscine;Route de la Piscine 1;2525;Le Landeron;032 751 26 88;;https://www.restaurantlapiscine.ch;https://www.restaurantlapiscine.ch/copie-de-carte-des-mets;Cuisine traditionnelle, poissons, viandes, pâtes, grillades à la plancha;Oui, avec vue sur le lac de Bienne;Saison estivale : tous les jours de 09:00 à 23:00. Les horaires peuvent varier selon la saison;Aucun en saison estivale;04.05.2026;10.07.2026;10.07.2026;Roud D;Pâtes;Spaghetti alla carbonara;;23
Restaurant La Piscine;Route de la Piscine 1;2525;Le Landeron;032 751 26 88;;https://www.restaurantlapiscine.ch;https://www.restaurantlapiscine.ch/copie-de-carte-des-mets;Cuisine traditionnelle, poissons, viandes, pâtes, grillades à la plancha;Oui, avec vue sur le lac de Bienne;Saison estivale : tous les jours de 09:00 à 23:00. Les horaires peuvent varier selon la saison;Aucun en saison estivale;04.05.2026;10.07.2026;10.07.2026;Roud D;Pâtes;Fagottini aux truffes;Farcis à la mousse de truffes et avec huile de truffes;26
Restaurant La Piscine;Route de la Piscine 1;2525;Le Landeron;032 751 26 88;;https://www.restaurantlapiscine.ch;https://www.restaurantlapiscine.ch/copie-de-carte-des-mets;Cuisine traditionnelle, poissons, viandes, pâtes, grillades à la plancha;Oui, avec vue sur le lac de Bienne;Saison estivale : tous les jours de 09:00 à 23:00. Les horaires peuvent varier selon la saison;Aucun en saison estivale;04.05.2026;10.07.2026;10.07.2026;Roud D;Pâtes;Lasagnes maison;Viande de bœuf, avec une salade verte en entrée;29
Restaurant La Piscine;Route de la Piscine 1;2525;Le Landeron;032 751 26 88;;https://www.restaurantlapiscine.ch;https://www.restaurantlapiscine.ch/copie-de-carte-des-mets;Cuisine traditionnelle, poissons, viandes, pâtes, grillades à la plancha;Oui, avec vue sur le lac de Bienne;Saison estivale : tous les jours de 09:00 à 23:00. Les horaires peuvent varier selon la saison;Aucun en saison estivale;04.05.2026;10.07.2026;10.07.2026;Roud D;Desserts;Carte des desserts;À demander;
Restaurant La Piscine;Route de la Piscine 1;2525;Le Landeron;032 751 26 88;;https://www.restaurantlapiscine.ch;https://www.restaurantlapiscine.ch/copie-de-carte-des-mets;Cuisine traditionnelle, poissons, viandes, pâtes, grillades à la plancha;Oui, avec vue sur le lac de Bienne;Saison estivale : tous les jours de 09:00 à 23:00. Les horaires peuvent varier selon la saison;Aucun en saison estivale;04.05.2026;10.07.2026;10.07.2026;Roud D;Desserts;Tiramisu maison;;10
Restaurant La Piscine;Route de la Piscine 1;2525;Le Landeron;032 751 26 88;;https://www.restaurantlapiscine.ch;https://www.restaurantlapiscine.ch/copie-de-carte-des-mets;Cuisine traditionnelle, poissons, viandes, pâtes, grillades à la plancha;Oui, avec vue sur le lac de Bienne;Saison estivale : tous les jours de 09:00 à 23:00. Les horaires peuvent varier selon la saison;Aucun en saison estivale;04.05.2026;10.07.2026;10.07.2026;Roud D;Enfants;Nuggets et frites;Jusqu'à 12 ans;13
